1, 9, 2.572599897652913, 249.78863267798752
1, 5, 9.214133661792363, 504.502031843188
1, 17, 7.123300897729478, 1335.8022458976027
1, 31, 4.103546998766757, 1402.7352473073977
1, 25, 7.351492075902101, 2021.9812050087098
1, 2, 4.9081557127905455, 106.68670319229444
1, 25, 2.1218721101961826, 578.8765982701175
1, 1, 0.1670563326188379, 3.9224989542812745
1, 29, 6.264731789117514, 1997.8965666731935
1, 7, 4.520619849380349, 353.4570245243815
1, 21, 8.303526754598426, 1918.783279168343
1, 1, 1.9692056608971176, 21.7913748205242
1, 25, 0.44237849185635225, 118.58087227986326
1, 2, 9.094985819041733, 192.80224634146427
1, 15, 0.6435191483808156, 106.79101304129496
1, 15, 0.9561558318958696, 150.6931818900228
1, 23, 5.472310196799524, 1384.747306733152
1, 30, 6.286349691478089, 2076.5883088533715
1, 19, 8.791754442407644, 1840.2630829827624
1, 7, 7.347462621037726, 564.3679444599834
1, 12, 4.335810238091863, 569.0191397496427
1, 19, 1.4195792119340755, 293.19817007611294
1, 8, 6.912280434701356, 608.0061606905613
1, 28, 1.4182770863794858, 430.45816852408825
1, 13, 7.7679737898856, 1109.5063029477312
1, 32, 6.3384070468971725, 2234.889744541621
1, 26, 6.111583516058459, 1747.2387628082986
1, 16, 7.963115682304945, 1401.086453434346
1, 26, 7.117843391342223, 2034.1156603339675
1, 24, 3.791713716631385, 1001.9605551000099
1, 6, 1.0192098441709307, 63.95230108982112
1, 11, 7.6778988993174115, 930.3635730187649
1, 26, 4.827865357860283, 1377.4215385580828
1, 31, 2.6478912821977696, 906.4727549141553
1, 3, 7.855827747121548, 257.1476648838408
1, 26, 7.241297208771657, 2076.4477224145367
1, 11, 2.0245075109010746, 246.0189865927479
1, 1, 1.1713356334875102, 14.761680814056568
1, 13, 8.988580022241106, 1279.5983116720076
1, 15, 8.701362566592227, 1434.2584613783608
1, 26, 1.317849179677808, 369.52756481702227
1, 23, 4.620695702902075, 1168.3960576631212
1, 30, 7.2473812399601805, 2395.3488528196026
1, 1, 3.3723864476704533, 34.73185668475756
1, 25, 1.9841655483350251, 546.8125390406341
1, 9, 2.118242556532184, 204.26973599921237
1, 14, 1.7758593286267532, 272.57067564901376
1, 24, 3.5358905204634263, 933.9317695950256
1, 13, 2.1156179128422137, 305.42158704532886
1, 23, 4.76919026705802, 1205.4828306007043
1, 27, 0.5974671199790238, 175.32992285064293
1, 22, 2.3684554559561444, 576.2375334621562
1, 30, 2.1706364066541672, 711.9215352088204
1, 12, 5.9757176980840265, 785.6124163862031
1, 12, 1.3537593600735154, 182.14494472423974
1, 17, 2.330244939576245, 431.6404255365114
1, 3, 8.789440271751776, 292.4967708861689
1, 6, 0.20348375653644446, 9.66863106756303
1, 2, 0.7334608715963731, 11.328326130202694
1, 18, 6.722521950418764, 1332.5219448502241
1, 16, 7.2115096170246655, 1268.5993370013755
1, 12, 5.450258013291699, 724.7571297819109
1, 23, 9.057880694374397, 2291.1889637480135
1, 17, 7.527718094981052, 1409.4417674148906
1, 11, 8.875063066633516, 1071.4826578798138
1, 19, 5.6663063289129045, 1180.646272992457
1, 30, 7.951689723848797, 2623.026889811093
1, 8, 9.189878975255779, 805.3495165485252
1, 2, 4.412580863716306, 96.03174384969417
1, 13, 0.6723000678239865, 98.68421310726067
1, 17, 3.3555274345442188, 632.4739280312685
1, 14, 5.850590093819195, 905.0542252208344
1, 28, 1.3414091548255747, 413.40563046195336
1, 2, 3.3221917375651833, 72.5266369699058
1, 26, 7.5671699567042126, 2167.1048752293805
1, 11, 0.5778799253644795, 73.72635013320256
1, 29, 0.18757083877718017, 58.5640192591254
1, 15, 8.932288123863149, 1469.4925828968678
1, 29, 0.7542714458530808, 241.33976728745543
1, 26, 2.0845951352651673, 600.4710490925601
1, 21, 2.7238471764951333, 627.5111707132313
1, 20, 0.7146377373026447, 154.55195844874595
1, 9, 2.6283680550563817, 266.2086190564455
1, 20, 4.463621397227601, 980.769978207725
1, 5, 8.530644396923279, 470.8153007014133
1, 20, 8.894140016914438, 1954.7027711621254
1, 11, 2.751726056770928, 330.9809468619525
1, 1, 7.964650133536129, 88.76130308598512
1, 3, 3.7386603157125475, 121.60548260988834
1, 30, 3.153670631467278, 1039.5787039116983
1, 11, 5.543553531659297, 673.6189299507115
1, 3, 6.285682666891518, 202.0804049133323
1, 25, 0.3184451383797282, 87.99244123516597
1, 28, 8.102750552860396, 2496.951234471029
1, 13, 0.6893668367118877, 91.51388596395346
1, 25, 6.851784901332386, 1884.5806926286698
1, 19, 2.152992932012504, 449.4168733985021
1, 26, 3.7367170442444486, 1068.686654192208
1, 19, 1.8902473908948392, 397.0576642974495
1, 21, 1.1678503987767364, 270.00132847964926
1, 9, 7.347807425480129, 726.3302306328295
1, 7, 2.8121741206240367, 218.29701260296713
1, 25, 4.579690739748299, 1261.9227384061385
1, 32, 2.607252473140486, 916.614628535113
1, 16, 2.3253030365744554, 410.04335038816635
1, 9, 2.759701309816055, 273.55420397106127
1, 11, 5.042834844278867, 612.049973543731
1, 18, 5.046426107931994, 1002.4206865248575
1, 22, 6.355572475220956, 1533.397491370089
1, 24, 2.116279385415123, 555.3092408070193
1, 22, 2.290595574632049, 552.9866335763556
1, 32, 0.22750832778467456, 82.18216168953953
1, 9, 5.46991342994294, 537.011910475126
1, 21, 1.705614253519605, 391.5193477159453
1, 3, 5.294418728972246, 172.27229643868336
1, 10, 2.8781826528110144, 318.2250632357501
1, 9, 5.936638724762098, 585.485952693476
1, 25, 3.26741745565326, 902.027861937107
1, 5, 8.747050966193001, 479.1604858282731
1, 6, 8.13151018119137, 535.7611587445911
1, 18, 3.15468683585621, 622.968584949559
1, 8, 2.814213259833296, 249.53557786673764
1, 30, 6.328067784920375, 2089.4038232709104
1, 3, 9.678597537282043, 318.52835577118975
1, 19, 4.289866355511224, 901.0382686988552
1, 6, 5.76623415573983, 380.91883348987386
1, 27, 3.5849479976217333, 1069.407747280207
1, 3, 1.088263287615745, 40.04242713013241
1, 13, 3.4410583734005753, 492.65298122521847
1, 27, 8.916371433518247, 2657.0792832551742
1, 11, 4.392808764932674, 532.8877227744936
1, 16, 2.017023458359579, 356.20173521220903
1, 11, 8.20278511341146, 992.4843795544538
1, 25, 2.7376273391378536, 751.4509177970623
1, 19, 3.611115764273202, 750.2257064088828
1, 21, 6.21126061399676, 1433.3333443039119
1, 7, 5.873072695211535, 452.91658983305985
1, 2, 6.60341639135077, 147.8045031896184
1, 1, 5.78770527482704, 65.2345070399123
1, 21, 5.242007482738441, 1204.2474408653136
1, 29, 1.5897945898886767, 504.7982500350991
1, 5, 0.49736189321222257, 29.264563892731495
1, 21, 1.092079775964907, 260.0651159408716
1, 8, 5.265005719241921, 461.8241073364571
1, 17, 9.288147146945779, 1737.7862526843169
1, 31, 3.90011386547791, 1334.0006003784542
1, 23, 4.03569673474794, 1020.8174752899987
1, 20, 5.528732827871559, 1220.0621598565172
1, 13, 1.41076760901641, 201.7678691132207
1, 18, 4.957729811191608, 982.8661722429274
1, 6, 6.359022327297042, 422.94759891026223
1, 22, 8.672613780961056, 2098.4316191099424
1, 15, 2.223888468201115, 364.957881610909
1, 21, 1.8244816525199792, 423.08631213829653
1, 12, 9.071039019940875, 1195.0099243760112
1, 20, 2.3264138088356368, 517.1217642669023
1, 16, 7.962228545076081, 1399.4513951676142
1, 6, 1.4857253882231858, 101.30294489500173
1, 16, 5.444830338043575, 959.3065988726257
1, 26, 5.148411024666604, 1477.8024360957372
1, 5, 1.815438292352235, 99.16591844725043
1, 5, 9.973310907830221, 554.5255945825965
1, 2, 6.119307455608759, 132.98449898779506
1, 23, 5.735222096364826, 1449.1416459779548
1, 32, 0.6915388006444267, 237.59575630652893
1, 7, 5.825869659620171, 449.74759630566945
1, 21, 8.611562392615227, 1995.7524413312772
1, 12, 3.213456231956753, 427.58754978956506
1, 12, 1.677163265450089, 222.80969221253983
1, 21, 0.9546418114665711, 211.9524282048545
1, 20, 8.923551001457664, 1966.0040155534434
1, 19, 8.567861707827502, 1792.9265185003903
1, 9, 2.814813337973523, 279.9688833992692
1, 3, 2.852935111200803, 93.12027524023723
1, 21, 4.828166300412507, 1117.116381391249
1, 14, 7.659227207563097, 1175.738343832492
1, 12, 9.666523420165282, 1274.853763481889
1, 4, 8.879485275506426, 394.2482378541719
1, 16, 4.59856194083893, 809.3291116766184
1, 29, 7.002908613133007, 2235.0224557310594
1, 28, 8.59755540083265, 2644.4792615075253
1, 30, 3.304076919317598, 1089.204201324707
1, 1, 1.3837248646184641, 13.057838194032893
1, 17, 3.319920243590111, 622.4875728715268
1, 32, 2.5784172809453754, 911.8781427744298
1, 27, 7.909606578688716, 2349.814010491752
1, 2, 8.502386754133473, 189.6490587699508
1, 9, 3.02201195786594, 300.25130240457503
1, 9, 5.162979064473829, 516.664633752088
1, 18, 8.8794538061771, 1764.6889427353415
1, 26, 8.300180072138774, 2372.1547174307175
1, 6, 7.004226102191118, 461.5563766915176
1, 15, 8.576638232570641, 1413.276656518967
1, 21, 6.961419139096048, 1608.2526606523002
1, 29, 1.5106703219599016, 485.78057222610204
1, 15, 0.7072737598009537, 114.8791238904872
1, 16, 6.219403073135283, 1092.8523739870886
1, 15, 3.5226367566852748, 585.4538779154142
1, 27, 8.047644788024808, 2388.0077820437914
1, 18, 1.6646337571198755, 333.12128735734956
2, 15, 2.933787317806349, 529.1851092142856
2, 24, 1.8302663709679512, 527.4614618283185
2, 11, 8.416386587742391, 1105.6569406998387
2, 14, 2.8302765748416983, 475.0979779387491
2, 20, 2.170758800901016, 520.2192247356911
2, 24, 6.56672733430974, 1893.631390320366
2, 11, 8.400372227966685, 1107.3728324106921
2, 6, 9.201109016892653, 657.8084923406669
2, 8, 5.135787524138173, 499.098697581406
2, 25, 0.910309429680739, 268.4869475239785
2, 12, 6.866907810020102, 990.6007633532182
2, 4, 2.6783501624765913, 131.1870214599657
2, 32, 2.503805401136593, 959.4757344885764
2, 23, 5.008261683241591, 1377.9456041289448
2, 25, 8.008605547674732, 2400.78930490086
2, 3, 7.042532995455114, 253.36112590019727
2, 6, 4.554167055073339, 329.4032328589888
2, 18, 4.4865323487520445, 965.1461685140738
2, 6, 4.481982941154535, 324.2918439588835
2, 6, 1.1772425501120498, 84.34748152786152
2, 29, 8.865852239155592, 3086.637043831622
2, 25, 8.215007939952107, 2462.708028030476
2, 28, 6.459764118571233, 2165.221430229854
2, 29, 0.320323557041724, 115.43485513575489
2, 9, 4.796388674867708, 515.5158059757434
2, 14, 9.460232843813355, 1586.9050576267744
2, 8, 1.1744252505969222, 109.37768232973578
2, 8, 2.833770974710559, 273.59401780343364
2, 19, 4.129130516509827, 940.9352810226159
2, 1, 7.897402112123726, 97.65235706847847
2, 13, 6.9521285259365415, 1080.6479440414269
2, 2, 0.21991741716183566, 4.578405623935215
2, 16, 2.200157071185221, 423.4727963384242
2, 19, 3.198994307871347, 727.6160693498317
2, 10, 2.7515286661676743, 327.8709805761347
2, 17, 5.3286463846295415, 1086.4137520890647
2, 29, 0.9361531799470968, 327.1743010734539
2, 11, 7.260902395725079, 953.164107204248
2, 23, 7.342784275368887, 2020.7153167017739
2, 14, 9.100784574968179, 1529.2724987144552
2, 25, 1.698415123064847, 511.05715458516096
2, 2, 1.9461319638207653, 51.96050217240934
2, 8, 3.855957799873652, 369.72826105015946
2, 19, 0.16215993592539446, 36.766031345169104
2, 9, 3.5879665224964374, 390.0848469022955
2, 20, 7.933845837408975, 1905.4436075030328
2, 28, 6.30566397375023, 2115.8851112243638
2, 21, 2.1054570947433815, 530.5214883971752
2, 1, 8.74094795924011, 108.28975022134225
2, 23, 9.391956024587738, 2595.5316163793436
2, 20, 2.067753700913962, 493.61206553328094
2, 32, 7.29608467727852, 2801.028900560086
2, 8, 4.0299194569840155, 385.1207410749348
2, 14, 1.6383917213641541, 272.91185133902957
2, 1, 8.742034100733365, 109.16452502843862
2, 13, 0.8334235972683668, 129.87566913129817
2, 30, 0.17665194017610242, 60.6781568012385
2, 20, 9.12214470733927, 2187.172343632009
2, 11, 7.39065781810489, 971.3303231484915
2, 13, 7.9537229516629395, 1242.175334550235
2, 24, 1.6050975024307101, 457.809369418301
2, 28, 4.377108722255931, 1469.9681048916107
2, 26, 4.203876861601962, 1309.4576868505244
2, 5, 2.5675087617420047, 157.6370275586944
2, 32, 5.121305100196434, 1968.8374078044517
2, 19, 2.780386718343909, 633.7525048646992
2, 2, 7.956902563388258, 187.44070323444686
2, 26, 2.0842284503318886, 652.6106590484142
2, 18, 1.2880100759554058, 281.12419766932
2, 1, 5.500812512224551, 61.794535466132395
2, 23, 8.591795222815488, 2375.915417570392
2, 27, 3.143415878025513, 1015.666480296347
2, 20, 2.9729898842423355, 716.793637589119
2, 32, 7.713541128629375, 2966.6344927808623
2, 11, 7.148320310366531, 942.6833565037754
2, 7, 5.669373420968552, 476.41502875619835
2, 28, 9.16789656314352, 3081.4249096927865
2, 29, 9.90054135349886, 3445.8625378790593
2, 2, 9.309484677951808, 225.85326321211173
2, 11, 2.287630541190362, 306.0185531748325
2, 6, 4.9261861707954155, 350.9441332617898
2, 20, 2.564425482815972, 618.111814602524
2, 14, 5.390426020421945, 903.4180582169527
2, 22, 9.159130185461299, 2417.622682559265
2, 18, 3.5181512665627688, 764.1460074330204
2, 24, 9.231967147047222, 2660.7481436085536
2, 30, 6.166477482416338, 2215.0434946609457
2, 11, 7.531383197126336, 993.7881625310114
2, 20, 6.9915143141405265, 1675.2500094326442
2, 18, 0.6853095649656937, 144.13666511952056
2, 23, 4.686605210183492, 1291.8201176583707
2, 26, 7.431176329464639, 2317.140714632395
2, 12, 8.841318936320164, 1270.8366588599165
2, 22, 3.3595515060831618, 887.160461228045
2, 15, 2.7534341766648684, 495.3914892135037
2, 16, 4.006881929974774, 773.4317175296645
2, 2, 0.33709215412146887, 11.695928726920624
2, 26, 2.428047133857346, 752.7023169955237
2, 21, 3.22396741702069, 818.7155320668378
2, 16, 5.655853578123215, 1082.8737271345549
2, 18, 5.411177471326423, 1170.365412037772
2, 11, 6.18342061864956, 820.1219801396458
2, 29, 8.145054886861242, 2828.3982103462185
2, 10, 2.0805578512936163, 246.2522822253875
2, 17, 8.96813638061601, 1827.7708342471628
2, 9, 8.819575434454634, 952.9651282900427
2, 29, 3.549515283490833, 1232.0145112419743
2, 16, 8.91884802008627, 1716.2535058633678
2, 8, 9.804791484020345, 940.3107024165429
2, 20, 1.3032019918042392, 308.0871744737128
2, 5, 4.1435738309508965, 250.98253493691865
2, 32, 8.685436086340223, 3337.0775903841327
2, 7, 3.9825933767746835, 335.4123931917129
2, 2, 8.028298815601946, 192.4270020284627
2, 14, 0.2152494883228706, 34.73600816507516
2, 29, 6.998093261734008, 2432.135656059885
2, 22, 9.630495572375658, 2541.2003626418905
2, 12, 2.45136302104227, 350.94340604557516
2, 7, 7.380370649216939, 620.3329079280863
2, 29, 4.837189736477475, 1685.4947474019336
2, 25, 5.866582796622998, 1760.0059393447734
2, 16, 0.14828170811672314, 20.38874446335322
2, 19, 2.739855819135607, 620.8446417935717
2, 14, 4.938237355346708, 830.5444392977836
2, 29, 3.586211803489449, 1247.4148212471528
2, 8, 8.939448486659987, 855.5664992224804
2, 14, 6.832239843947077, 1148.7386305293423
2, 1, 2.732982685870844, 32.763287395629014
2, 31, 8.205205918640274, 3051.0881424045824
2, 19, 4.845346303385689, 1107.4105876036717
2, 13, 6.343163753985424, 984.5369645948543
2, 10, 4.379252986606418, 529.1440132440815
2, 2, 2.7079169807006522, 66.6627029609008
2, 4, 6.614662386366566, 317.66383086289596
2, 25, 2.122878926927374, 636.8316942059191
2, 20, 8.876747026531127, 2131.640116738053
2, 1, 0.9510518426188941, 12.449381431731783
2, 9, 0.5675978897270262, 61.53552954791477
2, 3, 7.580701946629086, 277.6808135741469
2, 28, 4.417909221540615, 1482.2929894126935
2, 6, 9.274887001537351, 669.089242572555
2, 9, 2.8729045282932217, 313.5571775093573
2, 18, 6.876801178286685, 1483.1453021940385
2, 29, 6.28470154896055, 2181.7286175522836
2, 25, 0.41030993056665355, 121.95397287961109
2, 17, 2.0740934267172175, 425.1929307223606
2, 16, 3.889942799752746, 746.9838111254682
2, 12, 4.811195284995669, 696.8052052464047
2, 23, 3.6239857426231623, 996.0383137081517
2, 4, 3.5163553428325067, 170.8020403864085
2, 23, 8.279464714150471, 2281.564476111716
2, 28, 9.861304996387348, 3312.314958768398
2, 5, 6.906853121649243, 413.28791116622506
2, 5, 4.0961643376014525, 240.95173693034133
2, 17, 7.554600954677601, 1541.7328033983106
2, 4, 6.367377642163459, 306.84857281947535
2, 14, 2.6932197459547167, 456.0436485477821
2, 4, 6.415922982739738, 303.3195423052668
2, 6, 9.68652644426308, 700.4959027722591
2, 24, 6.972290581269891, 2006.1369861526553
2, 7, 9.102304632675171, 765.4481101418168
2, 3, 2.199096187075291, 79.08499341074673
2, 29, 2.7056913417361708, 938.3099010417766
2, 29, 1.3728768567505578, 472.28922101667183
2, 2, 4.651248668043873, 111.43019924197513
2, 17, 7.445108244915915, 1516.4304524526049
2, 21, 1.3658821389478648, 344.8814588316552
2, 25, 7.599977269556321, 2280.3993711727676
2, 4, 1.1216040616998746, 53.55334704277014
2, 9, 3.195483553918854, 342.5271632875784
2, 17, 5.722069654051389, 1168.8061298887014
2, 20, 7.980533720091522, 1910.099146690321
2, 7, 7.294289953129755, 610.715597951965
2, 14, 9.752048575165302, 1639.3683289392943
2, 22, 9.848510880322431, 2603.176256717931
2, 26, 3.0693501727491723, 955.9728189835779
2, 31, 5.411036213699843, 2016.3576052977398
2, 29, 6.68766965808273, 2329.9759652885473
2, 2, 5.815108610999125, 144.07645513485156
2, 19, 8.913686801036606, 2028.9011706150231
2, 11, 1.2706123201211006, 168.6418698946284
2, 21, 8.20392690602461, 2070.2226981937783
2, 7, 3.084140626208555, 257.7537906412404
2, 5, 3.4843683930078653, 209.90177578594788
2, 3, 9.824916878355642, 352.0205120450829
2, 21, 1.900770360812094, 484.09964443738266
2, 27, 9.770467270226161, 3164.7949998166678
2, 21, 5.31778349322773, 1342.7511084043979
2, 1, 3.318203973078604, 38.13868790577274
2, 21, 0.4720821203622194, 118.6864244583379
2, 21, 6.685422449191233, 1681.7780028115428
2, 18, 4.294664338086468, 926.1890250796887
2, 31, 5.687050171360363, 2112.8454124524765
2, 25, 6.281855499385591, 1885.3679193500288
2, 6, 1.365043756818991, 103.04668643049459
2, 9, 6.408726555804845, 689.6122266130408
2, 4, 7.386334399363798, 350.6597653345856
2, 17, 2.2496939323048926, 458.3545412154835
2, 16, 0.2118973274532321, 39.234960864202485
2, 24, 6.894470911375267, 1980.8523006212558
3, 24, 7.438001642202327, 2317.9121361085427
3, 22, 9.285102709220132, 2657.466233439818
3, 11, 1.3982849378118267, 202.19312034887187
3, 15, 6.417771980374348, 1251.8790220295275
3, 9, 4.9263211507095885, 577.9768874137934
3, 27, 4.014627131213102, 1408.074889243064
3, 4, 9.62644083486767, 503.7209129193716
3, 18, 5.967599200311508, 1388.7176934493764
3, 7, 2.984667714479871, 271.9203317794899
3, 6, 6.755787489270045, 528.0211636616241
3, 5, 3.035970344959298, 197.9140932439972
3, 12, 9.15121918390146, 1425.5702518377645
3, 28, 0.5366066025894167, 198.17222733913252
3, 32, 1.8601403553085183, 774.2117672072164
3, 19, 6.795886546064293, 1678.9607275470103
3, 32, 5.213229541805749, 2170.674103138346
3, 16, 8.999821268608123, 1867.946219914171
3, 13, 2.8085621225271495, 476.6794638653362
3, 31, 0.8819606185808049, 354.59728520175526
3, 17, 9.98626984111151, 2201.526364812941
3, 27, 6.403102765843817, 2248.9850038187415
3, 25, 2.8564943904006803, 933.1025460563156
3, 32, 3.9885615525860674, 1662.92222398538
3, 28, 5.629813596469356, 2051.16886422375
3, 3, 1.3575814133067932, 47.62457362485027
3, 1, 9.249144213862554, 127.3887533109085
3, 13, 1.2709883692878965, 219.28490073221428
3, 1, 4.005753705214996, 50.93818584209267
3, 8, 0.9571173383278364, 101.10937727160557
3, 21, 2.099927792868914, 570.0445857583125
3, 19, 4.298744602675537, 1058.0890784597511
3, 27, 8.765889312971085, 3076.22603371801
3, 20, 8.233057848629466, 2139.075819847647
3, 29, 1.0150285330596776, 383.1328976689708
3, 9, 1.6476168350985543, 184.9530300479391
3, 11, 4.705648450192142, 670.3677613023217
3, 17, 9.504140665830496, 2094.0880664927504
3, 3, 3.5500443540305495, 131.1220156636421
3, 24, 8.507843817776045, 2652.3029934036626
3, 2, 2.168602222191045, 57.54729979565151
3, 6, 1.112423763958782, 91.94533000067092
3, 25, 7.542507346104189, 2448.684143668692
3, 18, 5.661605602786494, 1319.6008267962884
3, 24, 2.73750944444937, 855.290489383861
3, 31, 4.134484891774123, 1666.5449799033818
3, 8, 2.405715868941405, 247.2396052173846
3, 31, 7.158549898999306, 2882.9987731910533
3, 2, 6.391197432268182, 168.6325511297332
3, 12, 1.166965685093111, 183.17185538656696
3, 9, 4.8546379559589115, 565.3493801898992
3, 19, 2.169574299027519, 538.8272731765184
3, 19, 9.703594100655646, 2395.8241134667396
3, 27, 2.7860763519226186, 976.7601421250953
3, 32, 6.032521432388283, 2506.5455496915756
3, 14, 6.070072340240444, 1104.0021488210734
3, 26, 4.837338329613942, 1631.6137699106605
3, 28, 9.584141570895685, 3489.954023328353
3, 10, 2.343319335257219, 305.4895216765113
3, 15, 7.674045237451917, 1496.2647142227352
3, 10, 1.785975415974711, 230.78698575204308
3, 31, 1.2636520668769557, 509.46350306878185
3, 12, 0.6786982884687986, 104.5238907520872
3, 1, 3.9949452544810526, 55.43087180715025
3, 4, 8.83687265506163, 461.7106384297166
3, 14, 2.7540526015764524, 498.534091529316
3, 7, 2.508921077223878, 227.71667575606827
3, 27, 0.8128130151036772, 287.8055680843688
3, 17, 7.118362982735525, 1568.9115699196213
3, 18, 8.94426553508622, 2095.2977441426037
3, 4, 7.291361494768026, 384.0459957842748
3, 14, 7.098686350733709, 1291.3921429932268
3, 25, 5.4854473992859445, 1781.6220810792272
3, 8, 5.454525616940028, 566.0462169695361
3, 32, 3.3079134765616844, 1373.9071565292797
3, 26, 7.91944309434522, 2681.1568893376416
3, 7, 5.60897389192554, 514.3396545672827
3, 10, 3.4416327071069794, 442.48860792564307
3, 13, 6.579923884799415, 1116.2734550974762
3, 11, 9.324414080270534, 1330.3031441184792
3, 19, 4.495411996314696, 1109.96200138465
3, 32, 8.04406454233164, 3342.679637038088
3, 14, 4.881132655884048, 884.2941654518924
3, 22, 7.903738711943438, 2261.3673180415462
3, 23, 1.4878370326650991, 443.7921605447845
3, 18, 1.228643050642837, 291.44523764939794
3, 20, 0.32573351157442865, 86.15059080848773
3, 7, 0.16305367707292961, 15.160707692610421
3, 16, 0.5210310040803001, 110.75635677582284
3, 27, 7.663002425012895, 2691.0903678595146
3, 27, 0.39499992494478, 140.4985401640699
3, 4, 6.160661559888715, 316.33009204846127
3, 10, 9.085583629029095, 1180.2850924021034
3, 27, 5.18580144569718, 1819.7827463118845
3, 20, 1.9568936702995776, 512.1964384218477
3, 18, 4.894778213863629, 1141.8574327761958
3, 31, 1.4738794653351428, 594.1654822247576
3, 16, 8.082327718236044, 1678.9659626939654
3, 12, 6.392988199417297, 1000.783975578464
3, 29, 4.2786595027929355, 1612.0407511937017
3, 21, 0.9917388479001898, 270.5196593793316
3, 9, 4.876096469073637, 567.1435758381821
3, 14, 8.184050812635554, 1485.162320599104
3, 21, 6.303616436823437, 1718.4227506113486
3, 8, 6.918244164825018, 717.1076592535984
3, 9, 8.801118682044835, 1033.2580467269675
3, 15, 8.437786224497918, 1642.3464198690085
3, 6, 6.473262833605555, 501.192689562727
3, 4, 7.134010296328087, 366.7328987682544
3, 12, 7.920266336001665, 1234.7052929299634
3, 13, 4.563992697048453, 769.3440054440351
3, 20, 6.823519052891428, 1773.870833181829
3, 2, 1.4194250032367162, 37.0347680283527
3, 20, 6.435155847736821, 1674.068048034452
3, 15, 2.9770307217878056, 578.6188479248932
3, 18, 3.7751779074363845, 879.7240867640852
3, 22, 2.29181394413857, 647.5762661387615
3, 18, 5.166197494899781, 1205.9715149284038
3, 2, 0.15652134445143684, 1.9169154451973953
3, 8, 4.330936666849693, 449.6268535354649
3, 17, 4.881687175207558, 1080.2944394155174
3, 10, 2.867142328357555, 372.36473557822814
3, 5, 5.8542401952479395, 379.7371587991096
3, 6, 7.7392841322295745, 603.4444944403473
3, 21, 0.1504887997827009, 39.700494754005554
3, 16, 3.929626956814097, 817.246225327363
3, 2, 7.506261424446792, 196.11429990014506
3, 6, 8.189998094422148, 640.7647111060884
3, 16, 8.075590671262226, 1682.0449728809206
3, 7, 3.1144286426650325, 282.3867649894237
3, 21, 4.83072256807197, 1316.618982739974
3, 8, 1.8986128174591577, 194.20979448679503
3, 9, 8.48105163480342, 996.614012091135
3, 18, 1.041639032854429, 240.0003874277425
3, 31, 8.956735081167002, 3612.1024776149147
3, 27, 2.656807404145316, 929.6133621103311
3, 15, 6.145254707822019, 1197.655896605251
3, 20, 0.12222549535184202, 30.826804285612415
3, 8, 0.321496018920292, 33.13210726550763
3, 12, 4.586871988427037, 715.9305269325929
3, 18, 0.8547562557867938, 206.4013735117673
3, 2, 4.733527862113267, 123.06554865187843
3, 17, 8.54978947324099, 1891.8883864852803
3, 31, 4.4696605172943435, 1804.5831998069966
3, 24, 4.579397600129591, 1432.1270077528288
3, 5, 1.380014713368003, 87.57585444818089
3, 2, 0.886210226463805, 19.93880237074049
3, 20, 6.9303869053471745, 1800.3957371469783
3, 5, 9.914703942981568, 644.9923429104475
3, 10, 5.83208046212736, 755.67088949547
3, 31, 5.212682716814674, 2095.67961010285
3, 22, 1.470648921981429, 418.9546394920156
3, 10, 7.912592497976702, 1030.5075019430712
3, 25, 8.329259843485158, 2708.5361684345808
3, 10, 8.257099309746494, 1070.7707429127333
3, 18, 2.3425356140647624, 546.8696551497944
3, 1, 0.7247482000160732, 13.81006539484647
3, 1, 3.576939157214958, 50.26896029121289
3, 25, 3.344083975433078, 1084.7455609595158
3, 7, 8.106993256322232, 732.6896227842008
3, 28, 7.253217430885402, 2641.4828721504355
3, 18, 8.446486362513086, 1979.2875792360783
3, 30, 9.24518960556561, 3604.3770409913427
3, 4, 2.814666558140674, 150.59634641421607
3, 1, 2.370256054218763, 33.856346902299116
3, 3, 5.913685653171558, 232.59548968079636
3, 23, 4.956613775617626, 1478.5510060734362
3, 18, 9.215936413622812, 2157.3277721540576
3, 23, 6.189180823250481, 1846.759882129093
3, 31, 3.153111540869773, 1271.658251605158
3, 16, 2.572597629579959, 533.0626314939909
3, 7, 4.8446025826218095, 438.2497924417335
3, 11, 3.2944208774529518, 470.0242384747913
3, 8, 7.755492983404566, 807.6935058632594
3, 21, 9.728711445937304, 2649.3504448625185
3, 28, 9.106124563674934, 3316.64283533986
3, 4, 9.277238403667521, 480.5199387666571
3, 28, 9.944918911739686, 3617.516845370546
3, 22, 4.114504031603792, 1178.188738791119
3, 29, 7.750045865355851, 2922.4269619315787
3, 10, 1.5769080370597721, 202.88645605727157
3, 4, 2.2487649549954645, 116.13505504621838
3, 12, 2.9003785957202357, 453.6949449632999
3, 32, 2.638018849833239, 1101.3945416747306
3, 8, 2.216414116444263, 227.39745997115665
3, 2, 3.9767000028909214, 101.35449053443713
3, 12, 4.75042420575814, 741.3205191060671
3, 26, 7.705237402940204, 2604.0837447430786
3, 22, 5.748969731989134, 1642.8605982813556
3, 22, 9.732171226103857, 2780.4907928422385
3, 30, 0.8283281701956413, 318.6708699260898
3, 31, 4.9137511638533935, 1977.2691632577707
3, 13, 2.0322766216758072, 346.6381946034245
3, 28, 5.330763640690743, 1936.906782815326
3, 32, 0.5395230602574297, 225.80853685274576
3, 18, 0.07152872352695239, 17.651491299963432
3, 25, 1.8364529477636227, 595.4022684713469
3, 27, 3.853650969438446, 1353.1672221275421
3, 5, 2.8898834336506907, 188.27982429697548
3, 12, 7.120443697964132, 1107.9678701651042
3, 19, 6.600347774276242, 1631.033071591589
4, 10, 7.189459452097392, 1008.5942308914607
4, 7, 6.003466230206519, 591.3563757039481
4, 17, 3.252299397432549, 777.0414989022831
4, 15, 2.056213560723764, 432.15994697218065
4, 26, 5.661396720792446, 2064.503498911616
4, 16, 6.736187741006252, 1508.7088699614856
4, 28, 7.326326834607929, 2875.6107694647626
4, 22, 6.601851837805018, 2030.937636283496
4, 16, 6.7107877844001855, 1506.519379644031
4, 11, 6.568317380594375, 1013.2315296240217
4, 12, 9.439555348071352, 1585.4003614289054
4, 14, 6.651993939312344, 1304.231945228391
4, 28, 1.6346223637184198, 640.8495284198111
4, 13, 2.3023471358415195, 419.88585497171067
4, 5, 4.136236058342072, 289.6048371492266
4, 8, 1.8062497083700657, 207.5159901426196
4, 4, 7.391580943681916, 411.0136109107744
4, 31, 8.396592401780996, 3646.626965043292
4, 3, 0.03623767421056079, 3.7192823839550453
4, 1, 6.717166269734662, 93.7359697428775
4, 2, 7.727166019093495, 218.85333161838074
4, 18, 7.249236578405447, 1826.0878059815725
4, 27, 9.217460428483468, 3485.0018078073654
4, 21, 6.113112898428637, 1798.6445252793974
4, 29, 8.41640643726017, 3422.4622793930926
4, 11, 2.802334031268555, 431.2904952513125
4, 26, 0.23081183701734842, 82.28296059173775
4, 32, 8.650107416639779, 3870.0772177433178
4, 18, 8.954705149100485, 2255.489692079972
4, 18, 4.972567217223705, 1254.4119356324888
4, 12, 8.036106323385239, 1350.8645219545213
4, 24, 0.47416886273947023, 155.21275056518544
4, 22, 6.152370613009576, 1897.019127595904
4, 17, 6.707419554148972, 1595.356475734699
4, 23, 6.402511639335002, 2058.715214717428
4, 1, 1.8936951442524341, 29.086655799719754
4, 10, 4.848805308193933, 686.0936581936928
4, 15, 1.0672487135806208, 221.95600391265006
4, 13, 6.74380995302495, 1230.940831271872
4, 13, 5.506487176148164, 1003.8719700776782
4, 28, 4.063457812733841, 1592.4059523473443
4, 9, 4.0228721833956875, 504.71040663665207
4, 30, 8.095460049987512, 3398.556662509789
4, 5, 5.194798629874574, 364.88576693770096
4, 10, 4.87906185495362, 683.3014600164997
4, 26, 6.073522492093543, 2209.7560921316053
4, 25, 6.309044084927711, 2206.7495546964815
4, 9, 6.2349365317047845, 786.412505759941
4, 5, 3.5203286160291904, 251.66943131893342
4, 9, 3.2174103682927715, 402.8220343485114
4, 19, 7.43749462169958, 1979.7814581905136
4, 26, 4.530886534885341, 1653.810098699101
4, 23, 3.262650507657614, 1050.5623377377035
4, 20, 1.953904460382091, 545.2131456300483
4, 10, 9.178094154128791, 1282.7931590293788
4, 6, 3.05915276743173, 260.0048322910471
4, 20, 5.434517749256464, 1522.521207777006
4, 19, 7.132801867886722, 1900.5616015688588
4, 7, 2.334424534248618, 225.00459342671962
4, 17, 5.168584827077982, 1226.7925672130148
4, 4, 7.453798597656206, 422.36574786355936
4, 11, 6.819620862714598, 1051.9022846079845
4, 9, 9.257088598496772, 1170.4630844593592
4, 7, 8.865726675382444, 867.704120595742
4, 8, 3.701058941691182, 417.10214620836575
4, 16, 0.26504217921663575, 55.994631337933285
4, 14, 6.609091367585718, 1292.3663911695367
4, 14, 6.937036767338203, 1359.578958921732
4, 25, 4.005583870818279, 1400.0302331868093
4, 17, 2.742018394814838, 649.5322098530482
4, 1, 1.4735412466144326, 19.530336226518322
4, 25, 6.704181137456451, 2341.1197642863754
4, 31, 5.431165897140077, 2355.0396521453363
4, 3, 8.955827065416006, 375.53864547867164
4, 11, 1.7031560527569178, 259.08537662137275
4, 15, 4.752555831872197, 992.0760497068733
4, 27, 4.0739930186602304, 1544.999282575969
4, 27, 0.9634619844347236, 363.15527728735793
4, 26, 7.036687877133481, 2561.167083320567
4, 9, 1.533511851813384, 194.5701212969443
4, 12, 1.626537215577415, 270.18626227794573
4, 3, 5.632622365335997, 235.36471517660712
4, 32, 5.89746750246203, 2643.305766229793
4, 22, 4.897427153969197, 1513.849987467814
4, 16, 8.433299251479626, 1892.810482002765
4, 3, 9.099759716585753, 384.70602088828076
4, 28, 6.654104433090884, 2609.3838017701296
4, 12, 4.291584578466255, 719.3081823427436
4, 13, 1.636824736910808, 299.60015063756236
4, 24, 4.508759210473027, 1512.5220866796867
4, 13, 0.7532661318747491, 137.57109438315317
4, 5, 8.515670028082877, 600.4694577198283
4, 22, 8.422841940972898, 2596.9936712527515
4, 12, 4.17953415897875, 700.3092922538234
4, 10, 1.6907609148570202, 241.0068910072661
4, 31, 9.999298659487984, 4334.064192662223
4, 3, 0.33378671244534197, 13.067416734863183
4, 26, 9.467296901168268, 3445.546736804036
4, 6, 0.49516163690106363, 46.943193681348994
4, 20, 8.948404129324166, 2505.320188343642
4, 26, 9.413023919436167, 3426.026652934576
4, 4, 7.549951488850274, 425.5750979666029
4, 31, 4.626531414303684, 2010.4564645985924
4, 21, 0.19142639838912956, 56.558780051880944
4, 10, 3.6316399094971596, 505.28413440378904
4, 18, 8.994210059568124, 2264.3705427969207
4, 5, 0.058687057000248455, 7.598401076240007
4, 24, 2.2656851707596726, 757.3123146607481
4, 27, 6.3557364209972285, 2399.653674227159
4, 2, 3.439979161997467, 98.61784130893999
4, 8, 2.737560371770992, 310.1921617905349
4, 7, 5.299112147621635, 520.1603753502525
4, 22, 5.822285822095753, 1791.7738917805527
4, 3, 8.234390069851667, 348.30383189928995
4, 24, 5.592484671245504, 1876.0755510077831
4, 6, 3.43457838329853, 286.78813858075506
4, 29, 8.169137768509312, 3313.2640607496614
4, 1, 7.4508201800738885, 110.11344453335138
4, 11, 8.983105339891367, 1385.7934871710804
4, 10, 5.814140806172842, 812.4566136434833
4, 10, 5.825101948702399, 812.9331467900568
4, 27, 2.4501542582376565, 924.5297085053699
4, 24, 4.061472412038767, 1370.5154703626479
4, 24, 2.855885372287139, 959.417300226795
4, 3, 5.6398639424582235, 235.6292719198422
4, 16, 8.893469496813802, 1987.1659172918896
4, 17, 3.7836984493938375, 900.6073956255267
4, 19, 7.694055003667924, 2043.6021850054876
4, 6, 4.719766751575508, 398.0946691123503
4, 18, 3.672253212461235, 926.2393981589466
4, 27, 5.712535460188226, 2161.4554145737116
4, 17, 6.753381269258368, 1608.5262842925051
4, 16, 8.099616755627782, 1814.9066545428266
4, 31, 2.7296748853511223, 1187.022059044649
4, 4, 3.3324368844612406, 186.41792050658339
4, 14, 4.549142368722717, 889.0991626408382
4, 5, 2.0718682370652433, 142.43519680829664
4, 19, 0.1851755431484825, 48.400470120442314
4, 9, 5.726987472948313, 726.969503961533
4, 3, 2.842347697235242, 120.58765344304638
4, 2, 2.9914178707494745, 86.87153315085712
4, 11, 5.280703685997442, 813.0185052070076
4, 3, 7.315862636713147, 306.01674250652945
4, 28, 3.994237575634896, 1561.242856321645
4, 12, 9.076649897188851, 1526.8383876372736
4, 8, 7.1425209547649295, 799.6270375799206
4, 9, 1.9473404897743973, 248.88073317754376
4, 18, 2.8347929610658227, 713.783318595279
4, 30, 2.4033853124538562, 1009.7567889602514
4, 30, 2.992229008477767, 1257.6909946273915
4, 22, 0.22307013591899683, 72.42033122297536
4, 23, 4.480732538757946, 1440.9632707030296
4, 15, 9.112335443232544, 1917.3949866528224
4, 1, 7.87799860578677, 108.3719231367603
4, 32, 0.5230555972973616, 236.5749781178858
4, 3, 3.434953550549441, 144.72972106541
4, 1, 0.27761424891036723, 4.668866160643133
4, 12, 4.933288754581918, 835.012925354642
4, 3, 0.2888592731715123, 14.022682595733167
4, 29, 0.41562527124052173, 168.0745969040596
4, 19, 6.6458993316615125, 1767.9653928537782
4, 21, 7.087136279627073, 2087.176954835954
4, 26, 0.7539195021357403, 275.5280846145083
4, 12, 0.9491243530685611, 159.0520511319617
4, 13, 0.8125404415971416, 146.87339949591066
4, 28, 0.2936244645250896, 112.79336340695488
4, 31, 9.866852367311703, 4279.945533451957
4, 7, 0.6757093027319394, 68.8426690969495
4, 28, 1.6554227305645286, 650.776283058547
4, 22, 1.2693559556780165, 387.4566665844984
4, 5, 0.7317001356203501, 50.025919621321336
4, 32, 4.033457288510933, 1805.411672972979
4, 31, 6.364839815327975, 2758.365339518411
4, 29, 2.811626995793902, 1138.6336972385511
4, 31, 9.29682878113167, 4036.0258541094136
4, 20, 5.1949359908884905, 1456.625830513023
4, 26, 9.148197917223905, 3328.1295368874275
4, 20, 0.7225770845261381, 200.87009845791
4, 1, 6.8770093420202905, 95.55048690481588
4, 30, 6.37465942637852, 2676.79542781569
4, 30, 6.918465991887876, 2907.4523827489584
4, 29, 1.5703270827950577, 636.1830969523354
4, 14, 5.389311319222134, 1054.172003798748
4, 10, 7.847989019057766, 1092.222589240749
4, 25, 3.2102336050977467, 1124.2316921492957
4, 8, 6.59686214856491, 738.0859460324004
4, 23, 8.275214798540015, 2669.23122440561
4, 17, 4.109475516725282, 973.2375248310672
4, 4, 3.009131740786307, 168.3305042976176
4, 22, 8.053078642055878, 2480.83670279923
4, 20, 9.416759315707687, 2632.2238767287163
4, 4, 9.917289354869911, 552.564224392799
4, 14, 2.651014832219322, 519.0407897007724
4, 5, 9.286553170613752, 647.4394414249169
4, 9, 9.877380899614657, 1245.0355930422631
4, 27, 8.369038751486507, 3161.0393983682548
4, 22, 4.151489892412306, 1279.498658639718
4, 12, 8.593025216669872, 1451.2665144836162
4, 24, 4.31853316826523, 1450.0798924914902
4, 30, 1.7785187177548956, 749.7436960986975
5, 5, 8.376376905771085, 631.0850660756583
5, 15, 3.802532937110059, 854.4445935689587
5, 3, 1.6625518653851656, 71.68747214777432
5, 16, 9.376674705130709, 2247.555178771772
5, 26, 8.770067842632526, 3417.2880185933595
5, 20, 7.3404203107849595, 2205.0024415089883
5, 24, 8.151131902983774, 2939.091493388412
5, 20, 9.581006630540323, 2874.3450540218014
5, 29, 6.116390132030807, 2656.130687124284
5, 2, 2.6221577472836985, 78.72379582749569
5, 24, 2.790060133488501, 1001.889639150454
5, 32, 4.924420708746693, 2364.7802060862823
5, 21, 9.279536030397985, 2924.407068752986
5, 19, 7.565008438625728, 2155.482317307697
5, 18, 9.775863666111784, 2634.2759351630148
5, 6, 9.244184776177727, 834.4456403002714
5, 32, 2.4049828217148415, 1155.9806979386685
5, 17, 0.08851925123211868, 23.972647939386878
5, 28, 2.667832374121406, 1118.9757657056825
5, 7, 6.4893310700099, 682.9372952345963
5, 11, 1.2974444082739978, 218.73191991963722
5, 5, 8.787750276149717, 664.0197114711808
5, 14, 6.030212653576973, 1267.4159885467318
5, 2, 3.0758573758776517, 92.29706929805899
5, 5, 7.552521453196755, 567.1911833384551
5, 22, 3.6565471860149557, 1206.9314067968958
5, 22, 9.80838106455333, 3237.6694594996507
5, 14, 9.076121683639913, 1901.9603235009538
5, 31, 2.311184035667273, 1075.474636574167
5, 17, 5.76874330336854, 1473.4174577159722
5, 15, 6.521707775283938, 1468.611688223467
5, 4, 8.800452421761863, 530.7536161918366
5, 16, 4.410186567951657, 1063.0221355756773
5, 3, 5.24059112990336, 234.95920744157885
5, 22, 8.426938556574875, 2780.1875714557273
5, 12, 1.7304679180718785, 312.82691627188785
5, 6, 3.9922222103620806, 359.4518633164294
5, 12, 1.1857906691041664, 211.3419249008113
5, 20, 5.525996324356983, 1658.9278196982768
5, 21, 0.7362249821971723, 231.15081505934117
5, 10, 2.7283944619725786, 412.25595179216225
5, 15, 2.1352680104103516, 481.68365185497726
5, 3, 1.1758243212267339, 52.79704370915254
5, 4, 0.8297064415860422, 42.117660789564155
5, 6, 8.03342167514376, 718.0233964527317
5, 12, 6.252554068834456, 1127.3424597478338
5, 8, 5.8794186886432165, 706.4658375382886
5, 8, 9.285530709806583, 1114.616876208119
5, 6, 0.8374404931177837, 80.6097315767283
5, 15, 0.8496528337318487, 189.56470375120452
5, 19, 0.5115623876698494, 144.97284224519328
5, 16, 7.539123607238082, 1805.8109247189245
5, 3, 9.849754942230689, 442.4066010168364
5, 21, 8.01377554487328, 2519.30229333259
5, 23, 3.494826883504454, 1202.5321983596216
5, 25, 0.17277869825312875, 68.77858610220152
5, 25, 4.98062612833243, 1873.6183394392817
5, 32, 5.195721407763588, 2497.6479393285235
5, 22, 7.7819152998759344, 2571.495495677904
5, 8, 2.492573884283499, 296.93611691181536
5, 16, 2.915587489710968, 704.5595025944273
5, 18, 3.0372331725391746, 822.4048395549561
5, 20, 0.7733426230796969, 238.09425803502936
5, 24, 4.8908755476448205, 1757.4045313022607
5, 27, 4.432196984174979, 1792.3502570715455
5, 26, 7.158313604054851, 2792.499152121512
5, 31, 5.975567002754763, 2775.760557394693
5, 20, 8.747214550158988, 2623.960811447806
5, 11, 4.101678561025603, 676.2736807342899
5, 10, 7.989215514096021, 1199.8609951452522
5, 11, 8.035986584098051, 1321.870934910335
5, 9, 0.8081969379831422, 110.21410113500546
5, 11, 5.077202769746325, 841.3600392968093
5, 16, 2.9253825092148125, 704.073573799198
5, 23, 2.24134202818685, 772.1354708494146
5, 31, 2.857338256483674, 1327.2076046962907
5, 20, 4.085698738864255, 1227.2442737171575
5, 23, 6.6184465468569575, 2284.17368827241
5, 29, 5.59265856079652, 2437.8162201492573
5, 21, 2.9635499207826363, 930.6136946625239
5, 5, 6.154254203471141, 460.20947702363316
5, 3, 9.50500561152188, 424.577601722623
5, 3, 7.469519174430584, 335.8361473607634
5, 23, 7.08838705468453, 2443.5584379957972
5, 24, 4.852339342280414, 1740.785673665903
5, 24, 9.836647551273828, 3540.8981190224195
5, 22, 6.922198685073482, 2283.2401171196757
5, 25, 1.180556064076903, 441.1286726467786
5, 3, 0.22564430244881972, 16.33187738059491
5, 14, 3.1036601387644014, 650.8719302001308
5, 4, 1.4671441624401227, 88.13950559430083
5, 21, 6.9756989128887295, 2203.1663738423385
5, 26, 6.614390951380644, 2579.795946823963
5, 15, 4.469141630131888, 1010.7155829950489
5, 19, 8.24161191931862, 2348.7461430440244
5, 7, 9.044791247418525, 949.3707241688971
5, 9, 9.826072152908676, 1327.126716409847
5, 18, 4.778626252159221, 1293.7406832212694
5, 10, 8.561154639003448, 1284.7946732907717
5, 28, 7.435955925765945, 3124.1138110479096
5, 29, 7.4283467634448, 3228.355204243844
5, 23, 1.6477883104011537, 566.8307012015945
5, 13, 5.990899815445348, 1167.1502946273122
5, 14, 0.1584650358085382, 33.758232771832304
5, 15, 9.74350713372241, 2192.4201502249366
5, 14, 3.494362598168448, 732.2149406202385
5, 2, 4.646804666900116, 140.8757942355737
5, 4, 2.5673781071913604, 156.48166880251821
5, 24, 4.497094182871102, 1620.8723752545766
5, 14, 0.41209797403324533, 87.63421454641386
5, 6, 6.285217949437505, 561.582202068768
5, 22, 2.931134961810138, 968.8558183214654
5, 11, 5.847089620413745, 959.6722860049364
5, 2, 7.795652301512835, 231.26704174609162
5, 14, 6.555904903229303, 1375.3552024429605
5, 3, 7.93818151285262, 360.35910681083135
5, 4, 8.819197975762092, 531.286204779178
5, 23, 4.846533377392096, 1669.2398087543045
5, 9, 4.01875770534585, 538.952810187752
5, 20, 7.813664088887267, 2344.3652952250327
5, 21, 0.7710138588224202, 245.89069873112717
5, 31, 9.573946008602508, 4449.398058229473
5, 22, 9.838139052130273, 3245.5893020233675
5, 5, 5.5198018535075395, 414.5699182145572
5, 21, 6.81759037901492, 2149.4187604067292
5, 21, 3.693061407039062, 1163.5401630830333
5, 15, 5.113352389412418, 1148.3091086093366
5, 17, 2.7150940543872726, 697.5955354490997
5, 20, 8.314463479190358, 2497.3106307285325
5, 1, 4.485195641272232, 66.35608008413737
5, 19, 4.14140997106781, 1181.6031717094338
5, 8, 4.9366355548459095, 594.5155203063337
5, 28, 4.142443865969312, 1736.0794027610382
5, 18, 1.2535885452504913, 340.2143040896754
5, 23, 9.282821732936188, 3203.117312277135
5, 32, 6.159730713419387, 2951.921700524568
5, 19, 3.1652004076361004, 898.5886796738664
5, 21, 5.173524175587387, 1626.8232043236594
5, 10, 2.157712554616907, 321.8570246982898
5, 13, 0.063302695533064, 14.765962778113396
5, 26, 5.466036118549108, 2133.4541899222263
5, 31, 1.7323955170843708, 805.3740952921718
5, 16, 4.687805279346627, 1129.239897322078
5, 6, 7.269412753204688, 655.254524435344
5, 5, 9.359755089530669, 705.4462104410468
5, 31, 5.3186522878429585, 2474.0287758165337
5, 21, 3.1752350125255893, 1004.8311734317014
5, 32, 9.2744171752387, 4449.059977032987
5, 26, 6.278397517032927, 2452.367169753009
5, 29, 5.9411285895561425, 2584.706801930312
5, 11, 8.631973879434971, 1421.8612358787072
5, 24, 9.140062465831813, 3288.8172478049532
5, 23, 8.245351773120866, 2840.414883629198
5, 20, 9.565666266391434, 2871.4440197286294
5, 6, 3.6958395301233726, 326.94756334863854
5, 13, 3.3351577930925425, 652.5273663580181
5, 11, 6.731213704870819, 1115.2423270752342
5, 3, 0.685659464333106, 36.04066299338236
5, 24, 6.891899982528119, 2473.8448060517903
5, 12, 8.233769046958784, 1478.8186367028252
5, 32, 1.9289844036252646, 922.0193506887405
5, 4, 0.46193118212347395, 28.25026941693305
5, 29, 4.654242273219747, 2022.5719860129716
5, 26, 3.8424781069421687, 1495.6119235099873
5, 30, 0.7942507399442145, 359.0838251763412
5, 11, 4.46929582224643, 739.0703268968354
5, 22, 1.256117764949548, 418.1938677638502
5, 20, 2.9628119787425513, 892.8387350482709
5, 15, 5.277807480761636, 1184.5218265131214
5, 30, 9.619168899939151, 4327.564367272334
5, 20, 2.287454596448366, 688.2399654689028
5, 20, 5.959876205546948, 1791.5953667930974
5, 14, 8.206345436328608, 1722.979580765044
5, 1, 9.815465418376903, 148.93443403266787
5, 22, 1.723798751368616, 571.0037698256971
5, 12, 9.276242867568044, 1671.7191593327418
5, 29, 4.2447946149697735, 1842.9679563257384
5, 24, 2.36328448013984, 851.9398923334589
5, 14, 0.2654539508458109, 60.27173852737786
5, 7, 2.4912983246808595, 263.18467151649213
5, 25, 0.22029298454588342, 84.57284078110955
5, 31, 9.188030962035707, 4274.72714972317
5, 29, 0.17848353911043224, 73.65293016827489
5, 13, 0.9761251793573955, 189.7906059889012
5, 29, 9.038749158607578, 3929.3759787629183
5, 23, 8.869046631607075, 3060.003894331817
5, 12, 3.7946388414414756, 684.3434417916152
5, 2, 1.6140635838674566, 46.41344294204917
5, 4, 4.025898551651707, 241.88432501356104
5, 15, 8.048632514909022, 1809.8938935033816
5, 29, 0.5533069063020979, 242.58847074092674
5, 7, 0.5545630456459949, 55.60647196749262
5, 25, 4.044028583071141, 1519.6918519586952
5, 27, 3.8545233835009043, 1562.200075813566
5, 30, 7.584630458442101, 3412.424828384047
5, 26, 9.124585138482267, 3559.7642667480895
5, 28, 2.375734096161496, 1000.8845541446542
5, 31, 6.801210669146372, 3159.7968990153922
5, 10, 4.149956618387588, 621.3157890999152
5, 9, 9.618781728308916, 1301.0585681008279